timestamp,steps
2025-01-12 05:059:00,0
2025-01-12 06:00:00,100
2025-01-12 06:00:10,200
2025-01-12 06:00:20,300
2025-01-12 06:00:30,400
2025-01-12 06:00:40,500
2025-01-12 06:00:50,600
2025-01-12 06:01:00,700
2025-01-12 06:01:10,800
2025-01-12 06:01:20,900
2025-01-12 06:01:30,1000
2025-01-12 06:01:40,1100
2025-01-12 06:01:50,1200
2025-01-12 06:02:00,1300
2025-01-12 06:02:10,1400
2025-01-12 06:02:20,1500
2025-01-12 06:02:30,1600
2025-01-12 06:02:40,1700
2025-01-12 06:02:50,1800
2025-01-12 06:03:00,1900
2025-01-12 06:03:10,2000
2025-01-12 06:03:20,2100
2025-01-12 06:03:30,2200
2025-01-12 06:03:40,2300
2025-01-12 06:03:50,2400
2025-01-12 06:04:00,2500
2025-01-12 06:04:10,2600
2025-01-12 06:04:20,2700
2025-01-12 06:04:30,2800
2025-01-12 06:04:40,2900
2025-01-12 06:04:50,3000
2025-01-12 06:05:00,3100
2025-01-12 06:05:10,3200
2025-01-12 06:05:20,3300
2025-01-12 06:05:30,3400
2025-01-12 06:05:40,3500
2025-01-12 06:05:50,3600
2025-01-12 06:06:00,3700
2025-01-12 06:06:10,3800
2025-01-12 06:06:20,3900
2025-01-12 06:06:30,4000
2025-01-12 06:06:40,4100
2025-01-12 06:06:50,4200
2025-01-12 06:07:00,4300
2025-01-12 06:07:10,4400
2025-01-12 06:07:20,4500
2025-01-12 06:07:30,4600
2025-01-12 06:07:40,4700
2025-01-12 06:07:50,4800
2025-01-12 06:08:00,4900
2025-01-12 06:08:10,5000
2025-01-12 06:08:20,5100
2025-01-12 06:08:30,5200
2025-01-12 06:08:40,5300
2025-01-12 06:08:50,5400
2025-01-12 06:09:00,5500
2025-01-12 06:09:10,5600
2025-01-12 06:09:20,5700
2025-01-12 06:09:30,5800
2025-01-12 06:09:40,5900
2025-01-12 06:09:50,6000
2025-01-12 06:10:00,6100
2025-01-12 06:10:10,6200
2025-01-12 06:10:20,6300
2025-01-12 06:10:30,6400
2025-01-12 06:10:40,6500
2025-01-12 06:10:50,6600
2025-01-12 06:11:00,6700
2025-01-12 06:11:10,6800
2025-01-12 06:11:20,6900
2025-01-12 06:11:30,7000
2025-01-12 06:11:40,7100
2025-01-12 06:11:50,7200
2025-01-12 06:12:00,7300
2025-01-12 06:12:10,7400
2025-01-12 06:12:20,7500
2025-01-12 06:12:30,7600
2025-01-12 06:12:40,7700
2025-01-12 06:12:50,7800
2025-01-12 06:13:00,7900
2025-01-12 06:13:10,8000
2025-01-12 06:13:20,8100
2025-01-12 06:13:30,8200
2025-01-12 06:13:40,8300
2025-01-12 06:13:50,8400
2025-01-12 06:14:00,8500
2025-01-12 06:14:10,8600
2025-01-12 06:14:20,8700
2025-01-12 06:14:30,8800
2025-01-12 06:14:40,8900
2025-01-12 06:14:50,9000
2025-01-12 06:15:00,9100
2025-01-12 06:15:10,9200
2025-01-12 06:15:20,9300
2025-01-12 06:15:30,9400
2025-01-12 06:15:40,9500
2025-01-12 06:15:50,9600
2025-01-12 06:16:00,9700
2025-01-12 06:16:10,9800
2025-01-12 06:16:20,9900
2025-01-12 06:16:30,10000
2025-01-12 06:16:40,10100
2025-01-12 06:16:50,10200
2025-01-12 06:17:00,10300
2025-01-12 06:17:10,10400
2025-01-12 06:17:20,10500
2025-01-12 06:17:30,10600
2025-01-12 06:17:40,10700
2025-01-12 06:17:50,10800
2025-01-12 06:18:00,10900
2025-01-12 06:18:10,11000
2025-01-12 06:18:20,11100
2025-01-12 06:18:30,11200
2025-01-12 06:18:40,11300
2025-01-12 06:18:50,11400
2025-01-12 06:19:00,11500
2025-01-12 06:19:10,11600
2025-01-12 06:19:20,11700
2025-01-12 06:19:30,11800
2025-01-12 06:19:40,11900
2025-01-12 06:19:50,12000
2025-01-12 06:20:00,12100
2025-01-12 06:20:10,12200
2025-01-12 06:20:20,12300
2025-01-12 06:20:30,12400
2025-01-12 06:20:40,12500
2025-01-12 06:20:50,12600
2025-01-12 06:21:00,12700
2025-01-12 06:21:10,12800
2025-01-12 06:21:20,12900
2025-01-12 06:21:30,13000
2025-01-12 06:21:40,13100
2025-01-12 06:21:50,13200
2025-01-12 06:22:00,13300
2025-01-12 06:22:10,13400
2025-01-12 06:22:20,13500
2025-01-12 06:22:30,13600
2025-01-12 06:22:40,13700
2025-01-12 06:22:50,13800
2025-01-12 06:23:00,13900
2025-01-12 06:23:10,14000
2025-01-12 06:23:20,14100
2025-01-12 06:23:30,14200
2025-01-12 06:23:40,14300
2025-01-12 06:23:50,14400
2025-01-12 06:24:00,14500
2025-01-12 06:24:10,14600
2025-01-12 06:24:20,14700
2025-01-12 06:24:30,14800
2025-01-12 06:24:40,14900
2025-01-12 06:24:50,15000
2025-01-12 06:25:00,15100
2025-01-12 06:25:10,15200
2025-01-12 06:25:20,15300
2025-01-12 06:25:30,15400
2025-01-12 06:25:40,15500
2025-01-12 06:25:50,15600
2025-01-12 06:26:00,15700
2025-01-12 06:26:10,15800
2025-01-12 06:26:20,15900
2025-01-12 06:26:30,16000
2025-01-12 06:26:40,16100
2025-01-12 06:26:50,16200
2025-01-12 06:27:00,16300
2025-01-12 06:27:10,16400
2025-01-12 06:27:20,16500
2025-01-12 06:27:30,16600
2025-01-12 06:27:40,16700
2025-01-12 06:27:50,16800
2025-01-12 06:28:00,16900
2025-01-12 06:28:10,17000
2025-01-12 06:28:20,17100
2025-01-12 06:28:30,17200
2025-01-12 06:28:40,17300
2025-01-12 06:28:50,17400
2025-01-12 06:29:00,17500
2025-01-12 06:29:10,17600
2025-01-12 06:29:20,17700
2025-01-12 06:29:30,17800
2025-01-12 06:29:40,17900
2025-01-12 06:29:50,18000
2025-01-12 06:30:00,18100
2025-01-12 06:30:10,18200
2025-01-12 06:30:20,18300
2025-01-12 06:30:30,18400
2025-01-12 06:30:40,18500
2025-01-12 06:30:50,18600
2025-01-12 06:31:00,18700
2025-01-12 06:31:10,18800
2025-01-12 06:31:20,18900
2025-01-12 06:31:30,19000
2025-01-12 06:31:40,19100
2025-01-12 06:31:50,19200
2025-01-12 06:32:00,19300
2025-01-12 06:32:10,19400
2025-01-12 06:32:20,19500
2025-01-12 06:32:30,19600
2025-01-12 06:32:40,19700
2025-01-12 06:32:50,19800
2025-01-12 06:33:00,19900
2025-01-12 06:33:10,20000
2025-01-12 06:33:20,20100
2025-01-12 06:33:30,20200
2025-01-12 06:33:40,20300
2025-01-12 06:33:50,20400
2025-01-12 06:34:00,20500
2025-01-12 06:34:10,20600
2025-01-12 06:34:20,20700
2025-01-12 06:34:30,20800
2025-01-12 06:34:40,20900
2025-01-12 06:34:50,21000
2025-01-12 06:35:00,21100
2025-01-12 06:35:10,21200
2025-01-12 06:35:20,21300
2025-01-12 06:35:30,21400
2025-01-12 06:35:40,21500
2025-01-12 06:35:50,21600
2025-01-12 06:36:00,21700
2025-01-12 06:36:10,21800
2025-01-12 06:36:20,21900
2025-01-12 06:36:30,22000
2025-01-12 06:36:40,22100
2025-01-12 06:36:50,22200
2025-01-12 06:37:00,22300
2025-01-12 06:37:10,22400
2025-01-12 06:37:20,22500
2025-01-12 06:37:30,22600
2025-01-12 06:37:40,22700
2025-01-12 06:37:50,22800
2025-01-12 06:38:00,22900
2025-01-12 06:38:10,23000
2025-01-12 06:38:20,23100
2025-01-12 06:38:30,23200
2025-01-12 06:38:40,23300
2025-01-12 06:38:50,23400
2025-01-12 06:39:00,23500
2025-01-12 06:39:10,23600
2025-01-12 06:39:20,23700
2025-01-12 06:39:30,23800
2025-01-12 06:39:40,23900
2025-01-12 06:39:50,24000
2025-01-12 06:40:00,24100
2025-01-12 06:40:10,24200
2025-01-12 06:40:20,24300
2025-01-12 06:40:30,24400
2025-01-12 06:40:40,24500
2025-01-12 06:40:50,24600
2025-01-12 06:41:00,24700
2025-01-12 06:41:10,24800
2025-01-12 06:41:20,24900
2025-01-12 06:41:30,25000
2025-01-12 06:41:40,25100
2025-01-12 06:41:50,25200
2025-01-12 06:42:00,25300
2025-01-12 06:42:10,25400
2025-01-12 06:42:20,25500
2025-01-12 06:42:30,25600
2025-01-12 06:42:40,25700
2025-01-12 06:42:50,25800
2025-01-12 06:43:00,25900
2025-01-12 06:43:10,26000
2025-01-12 06:43:20,26100
2025-01-12 06:43:30,26200
2025-01-12 06:43:40,26300
2025-01-12 06:43:50,26400
2025-01-12 06:44:00,26500
2025-01-12 06:44:10,26600
2025-01-12 06:44:20,26700
2025-01-12 06:44:30,26800
2025-01-12 06:44:40,26900
2025-01-12 06:44:50,27000
2025-01-12 06:45:00,27100
2025-01-12 06:45:10,27200
2025-01-12 06:45:20,27300
2025-01-12 06:45:30,27400
2025-01-12 06:45:40,27500
2025-01-12 06:45:50,27600
2025-01-12 06:46:00,27700
2025-01-12 06:46:10,27800
2025-01-12 06:46:20,27900
2025-01-12 06:46:30,28000
2025-01-12 06:46:40,28100
2025-01-12 06:46:50,28200
2025-01-12 06:47:00,28300
2025-01-12 06:47:10,28400
2025-01-12 06:47:20,28500
2025-01-12 06:47:30,28600
2025-01-12 06:47:40,28700
2025-01-12 06:47:50,28800
2025-01-12 06:48:00,28900
2025-01-12 06:48:10,29000
2025-01-12 06:48:20,29100
2025-01-12 06:48:30,29200
2025-01-12 06:48:40,29300
2025-01-12 06:48:50,29400
2025-01-12 06:49:00,29500
2025-01-12 06:49:10,29600
2025-01-12 06:49:20,29700
2025-01-12 06:49:30,29800
2025-01-12 06:49:40,29900
2025-01-12 06:49:50,30000
2025-01-12 06:50:00,30100
2025-01-12 06:50:10,30200
2025-01-12 06:50:20,30300
2025-01-12 06:50:30,30400
2025-01-12 06:50:40,30500
2025-01-12 06:50:50,30600
2025-01-12 06:51:00,30700
2025-01-12 06:51:10,30800
2025-01-12 06:51:20,30900
2025-01-12 06:51:30,31000
2025-01-12 06:51:40,31100
2025-01-12 06:51:50,31200
2025-01-12 06:52:00,31300
2025-01-12 06:52:10,31400
2025-01-12 06:52:20,31500
2025-01-12 06:52:30,31600
2025-01-12 06:52:40,31700
2025-01-12 06:52:50,31800
2025-01-12 06:53:00,31900
2025-01-12 06:53:10,32000
2025-01-12 06:53:20,32100
2025-01-12 06:53:30,32200
2025-01-12 06:53:40,32300
2025-01-12 06:53:50,32400
2025-01-12 06:54:00,32500
2025-01-12 06:54:10,32600
2025-01-12 06:54:20,32700
2025-01-12 06:54:30,32800
2025-01-12 06:54:40,32900
2025-01-12 06:54:50,33000
2025-01-12 06:55:00,33100
2025-01-12 06:55:10,33200
2025-01-12 06:55:20,33300
2025-01-12 06:55:30,33400
2025-01-12 06:55:40,33500
2025-01-12 06:55:50,33600
2025-01-12 06:56:00,33700
2025-01-12 06:56:10,33800
2025-01-12 06:56:20,33900
2025-01-12 06:56:30,34000
2025-01-12 06:56:40,34100
2025-01-12 06:56:50,34200
2025-01-12 06:57:00,34300
2025-01-12 06:57:10,34400
2025-01-12 06:57:20,34500
2025-01-12 06:57:30,34600
2025-01-12 06:57:40,34700
2025-01-12 06:57:50,34800
2025-01-12 06:58:00,34900
2025-01-12 06:58:10,35000
2025-01-12 06:58:20,35100
2025-01-12 06:58:30,35200
2025-01-12 06:58:40,35300
2025-01-12 06:58:50,35400
2025-01-12 06:59:00,35500
2025-01-12 06:59:10,35600
2025-01-12 06:59:20,35700
2025-01-12 06:59:30,35800
2025-01-12 06:59:40,35900
2025-01-12 06:59:50,36000
